Id	Job	Level	Name
131	白魔	40	愈疗
136	白魔	30	神速咏唱
137	白魔	35	再生
139	白魔	45	神圣
140	白魔	50	天赐祝福
166	学者	45	以太超流
167	学者	45	能量吸收
185	学者	30	鼓舞激励之策
186	学者	35	士气高扬之策
188	学者	50	野战治疗阵
189	学者	45	生命活性法
190	学者	4	医术
3568	白魔	54	垒石
3569	白魔	52	庇护所
3570	白魔	60	神名
3571	白魔	56	法令
3583	学者	52	不屈不挠之策
3584	学者	54	气炎法
3585	学者	56	展开战术
3586	学者	58	应急战术
3587	学者	60	转化
3594	占星	2	吉星
3595	占星	34	吉星相位
3596	占星	1	凶星
3598	占星	54	灾星
3599	占星	4	烧灼
3600	占星	10	阳星
3601	占星	40	阳星相位
3603	占星	12	生辰
3606	占星	6	光速
3608	占星	46	炽灼
3610	占星	26	福星
3612	占星	50	星位合图
3613	占星	58	命运之轮
3614	占星	15	先天禀赋
3615	占星	45	重力
7430	白魔	58	无中生有
7431	白魔	64	崩石
7432	白魔	66	神祝祷
7433	白魔	70	全大赦
7434	学者	62	深谋远虑之策
7435	学者	64	魔炎法
7436	学者	66	连环计
7437	学者	70	以太契约
7439	占星	62	地星
7442	占星	64	祸星
16531	白魔	52	安慰之心
16532	白魔	72	天辉
16533	白魔	72	闪耀
16534	白魔	76	狂喜之心
16535	白魔	74	苦难之心
16536	白魔	80	节制
16537	学者	20	仙光的低语
16538	学者	40	异想的幻光
16539	学者	46	破阵法
16540	学者	72	蛊毒法
16541	学者	72	死炎法
16542	学者	74	秘策
16543	学者	76	异想的祥光
16545	学者	80	炽天召唤
16546	学者	80	慰藉
16552	占星	50	占卜
16553	占星	60	天星冲日
16554	占星	72	焚灼
16555	占星	72	煞星
16556	占星	74	天星交错
16557	占星	76	天宫图
16559	占星	80	中间学派
17215	学者	4	朝日召唤
17864	学者	2	毒菌
17865	学者	26	猛毒菌
17869	学者	1	毁灭
17870	学者	38	毁坏
24283	贤者	1	注药
24284	贤者	2	诊断
24285	贤者	4	心关
24286	贤者	10	预后
24287	贤者	12	复苏
24288	贤者	20	自生
24289	贤者	26	发炎
24290	贤者	30	均衡
24294	贤者	35	拯救
24295	贤者	40	神翼
24296	贤者	45	灵橡清汁
24297	贤者	46	失衡
24298	贤者	50	坚角清汁
24299	贤者	52	寄生清汁
24300	贤者	56	活化
24301	贤者	58	消化
24302	贤者	60	自生II
24303	贤者	62	白牛清汁
24304	贤者	66	箭毒
24305	贤者	70	输血
24306	贤者	72	注药II
24307	贤者	72	发炎II
24309	贤者	74	根素
24310	贤者	76	整体论
24311	贤者	80	泛输血
24312	贤者	82	注药III
24313	贤者	82	发炎III
24315	贤者	82	失衡II
24316	贤者	82	箭毒II
24317	贤者	86	混合
24318	贤者	90	魂灵风息
25859	白魔	82	闪灼
25860	白魔	82	豪圣
25861	白魔	86	水流幕
25862	白魔	90	礼仪之铃
25865	学者	82	极炎法
25866	学者	82	裂阵法
25867	学者	86	生命回生法
25868	学者	90	疾风怒涛之计
25871	占星	82	落陷凶星
25872	占星	82	中重力
25873	占星	86	擢升
25874	占星	90	大宇宙
25875	占星	90	小宇宙
29223	白魔	0	闪灼
29224	白魔	0	救疗
29225	白魔	0	愈疗
29226	白魔	0	苦难之心
29227	白魔	0	水流幕
29228	白魔	0	自然的奇迹
29229	白魔	0	炽天强袭
29230	白魔	0	涤罪之心
29231	学者	0	极炎法
29232	学者	0	鼓舞激励之策
29233	学者	0	蛊毒法
29234	学者	0	展开战术
29236	学者	0	疾风怒涛之计
29237	学者	0	炽天召唤
29242	占星	0	落陷凶星
29243	占星	0	吉星相位
29244	占星	0	中重力
29245	占星	0	双重咏唱
29246	占星	0	落陷凶星
29247	占星	0	吉星相位
29248	占星	0	中重力
29253	占星	0	大宇宙
29254	占星	0	小宇宙
29255	占星	0	星河漫天
29256	贤者	0	注药III
29257	贤者	0	均衡注药III
29258	贤者	0	均衡
29259	贤者	0	发炎III
29260	贤者	0	魂灵风息
29261	贤者	0	神翼
29262	贤者	0	箭毒
29263	贤者	0	箭毒II
29264	贤者	0	心关
29265	贤者	0	カルディア
29266	贤者	0	中庸之道
29267	贤者	0	中庸之道
29716	学者	0	连环计
37008	白魔	40	以太变移
37009	白魔	92	闪飒
37010	白魔	96	医养
37011	白魔	100	神爱抚
37012	学者	92	埋伏之毒
37013	学者	96	意气轩昂之策
37014	学者	100	炽天附体
37017	占星	30	星极抽卡
37019	占星	30	出卡I
37020	占星	30	出卡II
37021	占星	30	出卡III
37022	占星	70	小奥秘卡
37029	占星	92	神谕
37030	占星	96	阳星合相
37031	占星	100	太阳星座
37033	贤者	92	心神风息
37035	贤者	100	智慧之爱
41499	白魔	0	闪飒
41500	学者	0	炽天的光环
41501	学者	0	降临之章
41502	学者	0	炽天附体
41503	占星	0	小奥秘卡
41504	占星	0	王冠之贵妇
41505	占星	0	王冠之领主
41506	占星	0	本轮
41507	占星	0	逆行
41508	占星	0	神谕
41658	贤者	0	心神风息
