Id	Job	Level	CastType	RecastSec	Name	说明(含威力)
119	幻术	1	1	2.5	飞石	对目标发动土属性魔法攻击　威力：140
120	幻术	2	1	2.5	治疗	恢复目标的体力　恢复力：
121	幻术	4	1	2.5	疾风	对目标发动风属性魔法攻击　威力：50 追加效果：风属性持续伤害 威力：30　持续时间：30秒
124	幻术	10	2	2.5	医治	恢复自身及周围队员的体力　恢复力：
125	幻术	12	1	2.5	复活	令无法战斗的目标以衰弱状态重新振作起来
127	幻术	18	1	2.5	坚石	对目标发动土属性魔法攻击　威力：190
131	白魔	40	2	2.5	愈疗	指定自身或一名队员为目标，恢复目标及其周围队员的体力 恢复力：
132	幻术	46	1	2.5	烈风	对目标发动风属性魔法攻击　威力：50 追加效果：风属性持续伤害 威力：50　持续时间：30秒
133	幻术	50	2	2.5	医济	恢复自身及周围队员的体力　 恢复力： 追加效果：令目标体力持续恢复 恢复力：　持续时间：15秒
135	幻术	30	1	2.5	救疗	恢复目标的体力　恢复力：
136	白魔	30	1	120.0	神速咏唱	一定时间内，自身的自动攻击间隔、魔法的咏唱及复唱时间缩短20% 持续时间：15秒
137	白魔	35	1	2.5	再生	令目标体力持续恢复　恢复力：　持续时间：18秒
139	白魔	45	2	2.5	神圣	对自身周围的敌人发动无属性范围魔法攻击　威力：140 追加效果：眩晕　持续时间：4秒
140	白魔	50	1	180.0	天赐祝福	令目标体力完全恢复
163	秘术	1	1	2.5	毁灭	对目标发动无属性魔法攻击　威力：240
166	学者	45	1	60.0	以太超流	恢复自身最大魔力的20% 追加效果：最大档数的以太超流 最大档数：3档　持续时间：永久 发动条件：自身处于战斗状态
167	学者	45	1	1.0	能量吸收	对目标发动无属性魔法攻击　威力：100 追加效果：恢复伤害量一定比例的体力 发动条件：以太超流
172	秘术	30	1	2.5	毁坏	对目标发动无属性魔法攻击　威力：270
173	秘术	12	1	2.5	复生	令无法战斗的目标以衰弱状态重新振作起来
181	秘术	10	1	1.0	溃烂爆发	对目标发动无属性魔法攻击　威力：340 发动条件：以太超流
185	学者	30	1	2.5	鼓舞激励之策	恢复目标的体力　恢复力：300 追加效果：为目标附加能够抵御一定伤害的防护罩鼓舞 鼓舞效果：抵消相当于治疗量%的伤害 持续时间：30秒 无法与贤者的部分护盾效果共存 追加效果（暴击时）：为目标附加能够抵御一定伤害的防护罩激励 激励效果：抵消相当于治疗量%的伤害 持续时间：30秒
186	学者	35	2	2.5	士气高扬之策	恢复自身及周围队员的体力 恢复力：200 追加效果：附加能够抵御一定伤害的防护罩 该防护罩能够抵消相当于治疗量%的伤害 持续时间：30秒 无法与贤者的部分护盾效果共存
188	学者	50	7	30.0	野战治疗阵	以指定地点为中心产生减轻伤害的防护区域 发动条件：以太超流
189	学者	45	1	1.0	生命活性法	恢复目标的体力　恢复力：600 发动条件：以太超流
190	学者	4	1	2.5	医术	恢复目标的体力　恢复力：
3568	白魔	54	1	2.5	垒石	对目标发动土属性魔法攻击　威力：220
3569	白魔	52	7	90.0	庇护所	以指定地点为中心产生治疗区域 效果时间内，持续恢复进入该区域的自身及队员的体力 恢复力：100　持续时间：24秒
3570	白魔	60	1	60.0	神名	恢复目标的体力　恢复力：700
3571	白魔	56	2	40.0	法令	对自身周围的敌人发动无属性范围魔法攻击　威力：400 追加效果：恢复自身及周围队员的体力 恢复力：400 追加效果：恢复自身最大魔力的5%
3583	学者	52	2	30.0	不屈不挠之策	恢复自身及周围队员的体力 恢复力：400 发动条件：以太超流
3584	学者	54	1	2.5	气炎法	对目标发动无属性魔法攻击　威力：220
3585	学者	56	2	120.0	展开战术	指定自身或一名队员为目标，令目标所带的鼓舞状态向周围队员身上扩散 持续时间：扩散时状态的剩余持续时间 自身没有对目标附加鼓舞状态时无效
3586	学者	58	1	15.0	应急战术	效果时间内自身发动1次带有鼓舞及激励状态的治疗魔法时，将鼓舞及激励效果转化为同等数值的体力恢复效果　持续时间：15秒
3587	学者	60	1	180.0	转化	回收小仙女的同时为自身附加最大档数的以太超流状态 并且自身发动治疗魔法的治疗量提高20% 持续时间：30秒 但是效果时间内无法咏唱朝日召唤 效果时间结束后小仙女会重新出现 发动条件：自身处于战斗状态且小仙女处于同行状态
3594	占星	2	1	2.5	吉星	恢复目标的体力　恢复力：
3595	占星	34	1	2.5	吉星相位	恢复目标的体力　恢复力： 追加效果：令目标体力持续恢复 恢复力：　持续时间：15秒　
3596	占星	1	1	2.5	凶星	对目标发动无属性魔法攻击　威力：150
3598	占星	54	1	2.5	灾星	对目标发动无属性魔法攻击　威力：160
3599	占星	4	1	2.5	烧灼	对目标附加无属性持续伤害状态 威力：50　持续时间：30秒
3600	占星	10	2	2.5	阳星	恢复自身及周围队员的体力 恢复力：
3601	占星	40	2	2.5	阳星相位	恢复自身及周围队员的体力 恢复力： 追加效果：令目标体力持续恢复 恢复力：　持续时间：15秒
3603	占星	12	1	2.5	生辰	令无法战斗的目标以衰弱状态重新振作起来
3606	占星	6	1	90.0	光速	一定时间内，自身的魔法咏唱时间缩短2.5秒　持续时间：15秒 积蓄次数：2
3608	占星	46	1	2.5	炽灼	对目标附加无属性持续伤害状态 威力：60　持续时间：30秒
3610	占星	26	1	2.5	福星	恢复目标的体力　恢复力：
3612	占星	50	1	120.0	星位合图	指定一名队员为配对目标，在对自身或队员咏唱单体治疗魔法时，配对目标也会恢复治疗量40%的体力 持续时间：20秒
3613	占星	58	2	60.0	命运之轮	以自身为中心产生覆盖范围8米的命运之轮 持续时间：18秒 使用时自身及周围30米内的队员所受到的伤害减轻10% 持续时间：10秒 同时，范围内的自身及队员还会附加体力持续恢复的效果 恢复力：100　持续时间：15秒 自身与在命运之轮范围内的队员将持续获得体力持续恢复效果 效果时间内发动技能或进行移动、转身都会使命运之轮立即消失 发动之后会停止自动攻击
3614	占星	15	1	40.0	先天禀赋	恢复目标的体力　恢复力：400～900 目标剩余体力越少恢复力越高，30%及更低时恢复力最高
3615	占星	45	2	2.5	重力	对目标及其周围的敌人发动无属性范围魔法攻击　威力：120
7430	白魔	58	1	60.0	无中生有	下一次发动技能消耗的魔力降低100% 持续时间：12秒 积蓄次数：2
7431	白魔	64	1	2.5	崩石	对目标发动土属性魔法攻击　威力：260
7432	白魔	66	1	30.0	神祝祷	为自身或一名队员附加能够抵御一定伤害的防护罩 该防护罩能够抵消相当于500恢复力的伤害量 持续时间：15秒
7433	白魔	70	2	60.0	全大赦	一定时间内，令自身和周围队员所受到的伤害减轻10%　持续时间：10秒 追加效果：告解 对处于告解状态中的目标使用医治、愈疗、并生效时，会使目标产生额外的恢复效果 恢复力：200
7434	学者	62	1	45.0	深谋远虑之策	为自身或一名队员附加“体力低于50%时或持续时间结束后自动恢复”状态　恢复力：800 持续时间：45秒 发动条件：以太超流
7435	学者	64	1	2.5	魔炎法	对目标发动无属性魔法攻击　威力：240
7436	学者	66	1	120.0	连环计	一定时间内，目标被暴击率提高10%　持续时间：20秒
7437	学者	70	1	3.0	以太契约	命令召唤出的小仙女对自身或一名队员发动异想的融光 再次发动时则取消该状态 持续恢复目标的体力 恢复力：300 发动后持续消耗异想以太10点 恢复效果在目标与小仙女的距离超过30米时无效 且小仙女无法进行其他行动 发动条件：小仙女处于同行状态，且异想以太10点 异想以太获得条件：自身处于战斗状态，处于同行状态，消耗以太超流的技能成功生效
7439	占星	62	7	60.0	地星	在指定地点设置地星，并为自身附加地星主宰状态 持续时间：10秒 地星主宰持续时间内再次使用此技能，则会发动星体破裂，对范围内的敌人进行无属性魔法攻击　威力：205 追加效果：恢复范围内自身与队员的体力 恢复力：540 持续时间结束后，地星获得强化，并为自身附加巨星主宰状态 持续时间：10秒 巨星主宰的持续时间结束时，或持续时间内再次使用此技能，则会发动星体爆炸，对范围内的敌人进行无属性魔法攻击 威力：310 追加效果：恢复范围内自身与队员的体力 恢复力：720
7442	占星	64	1	2.5	祸星	对目标发动无属性魔法攻击　威力：190
16230	秘术	4	1	2.5	医术	恢复目标的体力　恢复力：400
16508	秘术	10	1	60.0	能量吸收	对目标发动无属性魔法攻击　威力：200 追加效果：2档以太超流
16511	秘术	26	2	2.5	迸裂	对目标及其周围的敌人发动无属性范围魔法攻击　威力：100
16531	白魔	52	1	2.5	安慰之心	恢复目标的体力　恢复力： 发动条件：治疗百合
16532	白魔	72	1	2.5	天辉	对目标发动无属性魔法攻击　威力： 追加效果：无属性持续伤害 威力：　持续时间：30秒
16533	白魔	72	1	2.5	闪耀	对目标发动无属性魔法攻击　威力：290
16534	白魔	76	2	2.5	狂喜之心	恢复自身及周围队员的体力 恢复力： 追加效果：血百合开放 发动条件：治疗百合
16535	白魔	74	2	2.5	苦难之心	对目标及其周围的敌人发动无属性范围魔法攻击　威力： 攻击复数敌人时，对目标之外的敌人威力降低50% 发动条件：血百合完全开放
16536	白魔	80	1	120.0	节制	一定时间内，自身发动治疗魔法的治疗量提高20%，自身与50米以内的队员受到的伤害减轻10%　持续时间：20秒
16537	学者	20	1	60.0	仙光的低语	命令小仙女发动仙光的低语  持续恢复周围队员的体力 恢复力：80　持续时间：21秒 发动条件：处于同行状态
16538	学者	40	1	120.0	异想的幻光	命令小仙女发动异想的幻光  一定时间内周围队员发动治疗魔法的治疗量提高10%，受到的魔法伤害减轻5% 持续时间：20秒 小仙女的异想的幻光无法与炽天使的炽天的幻光效果共存 发动条件：处于同行状态
16539	学者	46	2	2.5	破阵法	对自身周围的敌人发动无属性范围魔法攻击　威力：
16540	学者	72	1	2.5	蛊毒法	对目标附加无属性持续伤害状态 威力：　持续时间：30秒
16541	学者	72	1	2.5	死炎法	对目标发动无属性魔法攻击　威力：255
16542	学者	74	1	90.0	秘策	效果时间内，自身发动的1次鼓舞激励之策、、不屈不挠之策、深谋远虑之策可以不消耗魔力及以太超流，并且必定暴击　持续时间：15秒
16543	学者	76	1	60.0	异想的祥光	命令小仙女发动异想的祥光  恢复自身及周围队员的体力　恢复力：320 发动条件：小仙女处于同行状态
16545	学者	80	1	120.0	炽天召唤	回收小仙女，召唤炽天使　召唤时间：22秒 炽天使在截击状态下，会对体力减少的队员使用炽天的幕帘 炽天使消失后，小仙女会重新出现 发动条件：小仙女处于同行状态
16546	学者	80	1	30.0	慰藉	命令炽天使发动慰藉  恢复周围队员的体力 恢复力：250 追加效果：为目标附加能够抵御一定伤害的防护罩 该防护罩能够抵消相当于治疗量100%的伤害 持续时间：30秒 积蓄次数：2 发动条件：炽天使处于同行状态
16552	占星	50	2	120.0	占卜	令自身与周围队员发动攻击造成的伤害提高6% 持续时间：20秒
16553	占星	60	2	60.0	天星冲日	恢复自身及周围队员的体力 恢复力：200 追加效果：令目标体力持续恢复 恢复力：100　持续时间：15秒
16554	占星	72	1	2.5	焚灼	对目标附加无属性持续伤害状态 威力：　持续时间：30秒
16555	占星	72	1	2.5	煞星	对目标发动无属性魔法攻击　威力：230
16556	占星	74	1	30.0	天星交错	恢复自身或一名队员的体力 恢复力：200 追加效果：为目标附加能够抵御一定伤害的防护罩 该防护罩能够抵消相当于治疗量200%的伤害 持续时间：30秒
16557	占星	76	2	60.0	天宫图	对自身和周围队员附加天宫图状态 持续时间：10秒 天宫图持续时间内受到自身发动的阳星或时，天宫图状态变为阳星天宫图状态 持续时间：30秒 天宫图及阳星天宫图状态的持续时间结束或持续时间内再次使用此技能，会恢复附加了天宫图及阳星天宫图状态的自身及周围队员的体力 天宫图状态恢复力：200 阳星天宫图状态恢复力：400
16559	占星	80	1	120.0	中间学派	一定时间内，自身发动治疗魔法的治疗量提高20% 持续时间：20秒 追加效果：使用吉星相位及时，附加能够抵御一定伤害的防护罩 吉星相位效果量：抵消相当于治疗量250%的伤害 效果量：抵消相当于治疗量125%的伤害 持续时间：30秒
17215	学者	4	1	2.5	朝日召唤	召唤朝日小仙女 朝日小仙女在截击状态下，会对体力减少的队员使用仙光的拥抱
17864	学者	2	1	2.5	毒菌	对目标附加无属性持续伤害状态 威力：20　持续时间：30秒
17865	学者	26	1	2.5	猛毒菌	对目标附加无属性持续伤害状态 威力：40　持续时间：30秒
17869	学者	1	1	2.5	毁灭	对目标发动无属性魔法攻击　威力：150
17870	学者	38	1	2.5	毁坏	对目标发动无属性魔法攻击　威力：
24283	贤者	1	1	2.5	注药	对目标发动无属性魔法攻击　威力： 追加效果：令带有关心状态的目标恢复体力 恢复力：
24284	贤者	2	1	2.5	诊断	恢复目标的体力　恢复力：
24285	贤者	4	1	5.0	心关	指定自身或一名队员为目标，对自身附加心关状态，对目标附加关心状态 持续时间：永久 该状态下特定攻击魔法命中后，令带有关心状态的目标恢复体力 恢复力：
24286	贤者	10	2	2.5	预后	恢复自身及周围队员的体力 恢复力：300
24287	贤者	12	1	2.5	复苏	令无法战斗的目标以衰弱状态重新振作起来
24288	贤者	20	2	60.0	自生	持续恢复自身及周围队员的体力 恢复力：100　持续时间：15秒
24289	贤者	26	2	40.0	发炎	对目标及其周围的敌人发动无属性范围魔法攻击　威力： 攻击复数敌人时，对目标之外的敌人威力降低30% 追加效果：令带有关心状态的目标恢复体力 恢复力： 积蓄次数：2 该魔法有单独计算的复唱时间，不受装备和状态的影响
24290	贤者	30	1	2.5	均衡	强化特定的攻击及治疗魔法，令其发生变化　持续时间：永久  诊断变为均衡诊断 预后变为均衡预后 变化后的魔法发动后该效果解除 该魔法有单独计算的复唱时间，发动后其他战技与魔法会进入与该魔法相同的复唱时间
24294	贤者	35	1	90.0	拯救	为自身附加4档拯救状态 持续时间：15秒 拯救效果：发动攻击魔法时令带有关心状态的目标恢复体力的效果提高至1.7倍
24295	贤者	40	1	45.0	神翼	指定一名敌人或队员为目标，自身快速移动到目标身边 止步状态下无法发动
24296	贤者	45	1	1.0	灵橡清汁	恢复目标的体力　恢复力：600 追加效果：恢复自身最大魔力的7% 发动条件：蛇胆
24297	贤者	46	2	2.5	失衡	对自身周围的敌人发动无属性范围魔法攻击　威力：160 追加效果：令带有关心状态的目标恢复体力 恢复力：
24298	贤者	50	2	30.0	坚角清汁	一定时间内，令自身和周围队员所受到的伤害减轻10% 持续时间：15秒 无法与白牛清汁效果共存 追加效果：恢复自身最大魔力的7% 发动条件：蛇胆
24299	贤者	52	2	30.0	寄生清汁	恢复自身及周围队员的体力 恢复力：400 追加效果：恢复自身最大魔力的7% 发动条件：蛇胆
24300	贤者	56	1	120.0	活化	持续时间内，发动1次治疗魔法的治疗量提高至1.5倍 持续时间：30秒
24301	贤者	58	2	30.0	消化	以自身及周围队员为目标 解除自身附加的均衡诊断或均衡预后，恢复目标的体力 均衡诊断状态中恢复力：450 均衡预后状态中恢复力：350 自身未对目标附加均衡诊断或均衡预后状态时该技能无效
24302	贤者	60	2	60.0	自生II	持续恢复自身及周围队员的体力 恢复力：130　持续时间：15秒 追加效果：令目标所受的体力恢复效果提高10% 持续时间：秒
24303	贤者	62	1	45.0	白牛清汁	恢复自身或一名队员的体力 恢复力：700 追加效果：目标所受伤害减轻10% 持续时间：15秒 无法与坚角清汁效果共存 追加效果：恢复自身最大魔力的7% 发动条件：蛇胆
24304	贤者	66	2	2.5	箭毒	对目标及其周围的敌人发动无属性范围魔法攻击　威力： 攻击复数敌人时，对目标之外的敌人威力降低50% 追加效果：令带有关心状态的目标恢复体力 恢复力： 发动条件：蛇刺
24305	贤者	70	1	120.0	输血	为自身或一名队员附加能够抵消一定伤害量的防护罩 该防护罩能够抵消相当于300恢复力的伤害量 同时附加5档血印状态　持续时间：15秒 防护罩因吸收到足够的伤害而消失时，消耗1档血印重新为目标附加防护罩 持续时间结束时，根据血印的剩余档数恢复目标的体力 恢复力：150×血印的剩余档数
24306	贤者	72	1	2.5	注药II	对目标发动无属性魔法攻击　威力：320 追加效果：令带有关心状态的目标恢复体力 恢复力：
24307	贤者	72	2	40.0	发炎II	对目标及其周围的敌人发动无属性范围魔法攻击　威力：490 攻击复数敌人时，对目标之外的敌人威力降低50% 追加效果：令带有关心状态的目标恢复体力 恢复力： 积蓄次数：2 该魔法有单独计算的复唱时间，不受装备和状态的影响
24309	贤者	74	1	90.0	根素	为自身附加1档蛇胆
24310	贤者	76	2	120.0	整体论	恢复自身及周围队员的体力 恢复力：300 追加效果：为目标附加能够抵御一定伤害的防护罩 该防护罩能够抵消相当于治疗量100%的伤害 持续时间：30秒 追加效果：自身及周围队员所受伤害减轻10%　持续时间：20秒
24311	贤者	80	2	120.0	泛输血	为自身及周围队员附加能够抵消一定伤害量的防护罩 该防护罩能够抵消相当于200恢复力的伤害量 同时附加5档泛血印状态　持续时间：15秒 防护罩因吸收到足够的伤害而消失时，消耗1档泛血印重新为目标附加防护罩 持续时间结束时，根据泛血印的剩余档数恢复目标的体力 恢复力：100×泛血印的剩余档数
24312	贤者	82	1	2.5	注药III	对目标发动无属性魔法攻击　威力： 追加效果：令带有关心状态的目标恢复体力 恢复力：
24313	贤者	82	2	40.0	发炎III	对目标及其周围的敌人发动无属性范围魔法攻击　威力：690 攻击复数敌人时，对目标之外的敌人威力降低50% 追加效果：令带有关心状态的目标恢复体力 恢复力： 积蓄次数：2 该魔法有单独计算的复唱时间，不受装备和状态的影响
24315	贤者	82	2	2.5	失衡II	对自身周围的敌人发动无属性范围魔法攻击　威力：170 追加效果：令带有关心状态的目标恢复体力 恢复力：
24316	贤者	82	2	2.5	箭毒II	对目标及其周围的敌人发动无属性范围魔法攻击　威力： 攻击复数敌人时，对目标之外的敌人威力降低50% 追加效果：令带有关心状态的目标恢复体力 恢复力： 发动条件：蛇刺
24317	贤者	86	1	60.0	混合	令自身或其他一名队员所受的体力恢复效果提高20% 持续时间：10秒
24318	贤者	90	4	120.0	魂灵风息	向目标所在方向发出直线无属性范围魔法攻击 威力： 攻击复数敌人时，对目标之外的敌人威力降低40% 追加效果：令自身及周围20米内的队员恢复体力 恢复力：600 追加效果：令带有关心状态的目标恢复体力 恢复力： 该魔法有单独计算的复唱时间，不受装备和状态的影响
25798	秘术	2	1	2.5	宝石兽召唤	召唤协助的宝石兽
25799	秘术	2	1	60.0	守护之光	命令宝石兽发动守护之光  对召唤该宝石兽的召唤师附加能够抵御一定伤害的防护罩 该防护罩能够抵消相当于目标最大体力20%的伤害量 持续时间：30秒 发动条件：宝石兽处于同行状态
25800	秘术	6	1	60.0	以太蓄能	为自身附加以太蓄能状态　持续时间：15秒 以太蓄能效果：自身发动毁灭、毁坏、毁荡威力提高50，发动迸裂威力提高20 追加效果： 发动条件：自身处于战斗状态且宝石兽处于同行状态 该魔法有单独计算的复唱时间
25802	秘术	6	1	2.5	红宝石召唤	召唤红宝石兽并命其发动红宝石之辉  令红宝石兽接近目标并发动火属性魔法攻击 威力：400 追加效果：为自身附加2档火属性以太状态 持续时间：30秒 火属性以太效果：宝石耀及宝石辉变为火属性魔法 发动条件：宝石兽处于同行状态且红宝石的奥秘状态中 红宝石兽显现时，之前召唤出的宝石兽会被暂时回收，并在显现时间结束后再次出现
25803	秘术	15	1	2.5	黄宝石召唤	召唤黄宝石兽并命其发动黄宝石之辉  令黄宝石兽接近目标并发动土属性魔法攻击 威力：400 追加效果：为自身附加4档土属性以太状态 持续时间：30秒 土属性以太效果：宝石耀及宝石辉变为土属性魔法 发动条件：宝石兽处于同行状态且黄宝石的奥秘状态中 黄宝石兽显现时，之前召唤出的宝石兽会被暂时回收，并在显现时间结束后再次出现
25804	秘术	22	1	2.5	绿宝石召唤	召唤绿宝石兽并命其发动绿宝石之辉  令绿宝石兽对目标发动风属性魔法攻击 威力：400 追加效果：为自身附加4档风属性以太状态 持续时间：30秒 风属性以太效果：宝石耀及宝石辉变为风属性魔法 发动条件：宝石兽处于同行状态且绿宝石的奥秘状态中 绿宝石兽显现时，之前召唤出的宝石兽会被暂时回收，并在显现时间结束后再次出现
25859	白魔	82	1	2.5	闪灼	对目标发动无属性魔法攻击　威力：
25860	白魔	82	2	2.5	豪圣	对自身周围的敌人发动无属性范围魔法攻击　威力：150 追加效果：眩晕　持续时间：4秒
25861	白魔	86	1	60.0	水流幕	令自身或一名队员受到的伤害减轻15% 持续时间：8秒
25862	白魔	90	7	180.0	礼仪之铃	在指定地点设置礼仪之铃，同时为自身附加5档礼仪之铃状态 持续时间：20秒 礼仪之铃的持续时间内自身受到伤害时，消耗1档礼仪之铃状态为礼仪之铃周围20米以内的自身和队员恢复体力 恢复力：400 该效果每秒只能发动一次 礼仪之铃持续时间结束时，或持续时间内再次使用时，消耗剩余礼仪之铃档数为效果范围内的自身和队员恢复体力 恢复力：200×剩余档数
25865	学者	82	1	2.5	极炎法	对目标发动无属性魔法攻击　威力：
25866	学者	82	2	2.5	裂阵法	对自身周围的敌人发动无属性范围魔法攻击　威力：180
25867	学者	86	1	60.0	生命回生法	令自身或其他一名队员最大体力提高10% 所受的体力恢复效果提高10% 发动时恢复最大体力的10% 持续时间：10秒
25868	学者	90	2	120.0	疾风怒涛之计	一定时间内，为自身及周围队员附加疾风之计与怒涛之计状态 疾风之计效果：提高目标的移动速度 持续时间：10秒 怒涛之计效果：受到的伤害减轻10% 持续时间：20秒
25871	占星	82	1	2.5	落陷凶星	对目标发动无属性魔法攻击　威力：
25872	占星	82	2	2.5	中重力	对目标及其周围的敌人发动无属性范围魔法攻击　威力：
25873	占星	86	1	60.0	擢升	令自身或一名队员受到的伤害减轻10% 持续时间：8秒 持续时间结束后恢复目标的体力　恢复力：500
25874	占星	90	2	180.0	大宇宙	对自身周围的敌人发动无属性范围魔法攻击　威力： 攻击复数敌人时，对第一个之外的敌人威力降低40% 追加效果：为自身及周围队员附加大宇宙状态 持续时间：15秒 持续时间内积蓄目标所受的伤害 持续时间结束或发动小宇宙后，恢复目标的体力 恢复量：恢复力200＋积蓄所受伤害的50% 恢复量不会超过目标的最大体力 该魔法有单独计算的复唱时间，不受装备和状态的影响
25875	占星	90	2	1.0	小宇宙	结束自身附加的大宇宙状态，恢复目标的体力 恢复量：恢复力200＋积蓄所受伤害的50% 恢复量不会超过目标的最大体力
25883	秘术	6	1	2.5	宝石耀	根据自身附加的以太发动对应的技能 火属性以太状态中：变为火属性单体攻击魔法 土属性以太状态中：变为土属性单体攻击魔法 风属性以太状态中：变为风属性单体攻击魔法
25884	秘术	26	2	2.5	宝石辉	根据自身附加的以太发动对应的技能 火属性以太状态中：变为火属性范围攻击魔法 土属性以太状态中：变为土属性范围攻击魔法 风属性以太状态中：变为风属性范围攻击魔法
29223	白魔	0	1	2.5	闪灼	对目标发动魔法攻击　威力：6000 闪飒预备状态中该技能变为闪飒
29224	白魔	0	1	12.0	救疗	恢复目标的体力　恢复力：12000 愈疗预备状态中该技能变为愈疗 积蓄次数：2 该魔法有单独计算的复唱时间
29225	白魔	0	2	2.5	愈疗	以自身或小队队员为目标 恢复目标及其周围队员的体力 恢复力：16000 发动条件：愈疗预备状态中  ※该技能无法设置到热键栏
29226	白魔	0	2	16.0	苦难之心	对目标及其周围的敌人发动范围魔法攻击　威力：12000 该魔法有单独计算的复唱时间
29227	白魔	0	1	18.0	水流幕	为自身或一名队员附加能够抵御一定伤害的防护罩 该防护罩能够抵消相当于10000恢复力的伤害量 持续时间：10秒 追加效果：为目标解除1个能通过净化解除的异常状态 成功解除异常状态时，防护罩的效果提高2倍
29228	白魔	0	1	24.0	自然的奇迹	指定一名敌人为目标，令其变身为河童或波奇 持续时间：2秒 变身状态中无法发动净化之外的技能 追加效果：令目标所受伤害提升20% 目标处于能通过净化解除的异常状态失效、连续剑、刃舞状态中时无效，同时对非玩家目标及搭乘了兵器的玩家无效
29229	白魔	0	2	20.0	炽天强袭	跃向目标并对目标及其周围敌人发动范围魔法攻击 威力：6000 追加效果：为自身与周围队员附加护盾状态 护盾效果：所受到的伤害减轻10% 持续时间：10秒 追加效果：为自身附加3档闪飒预备 持续时间：20秒 持续时间内闪灼变为闪飒 追加效果：为自身附加愈疗预备状态 持续时间：20秒 持续时间内救疗变为愈疗 止步状态下无法发动
29230	白魔	0	4	10.0	涤罪之心	向目标所在方向发出直线范围魔法攻击　威力：18000 追加效果：眩晕　持续时间：2秒 追加效果：为自身附加节制状态 持续时间：15秒 节制效果：持续恢复自身及周围30米以内的队员的体力 该追加效果可以越过遮挡物生效 恢复力：4000 发动条件：极限槽达到最大值 积蓄时间：60秒
29231	学者	0	1	2.5	极炎法	对目标发动魔法攻击　威力：6000
29232	学者	0	1	12.0	鼓舞激励之策	恢复目标的体力　恢复力：4000 追加效果：为目标附加鼓舞和激励状态 鼓舞效果：附加能够抵御一定伤害的防护罩 该防护罩能够抵消相当于4000恢复力的伤害　持续时间：12秒 自身附加了秘策状态时，该防护罩的效果提高2倍 激励效果：受到的伤害减轻10%　持续时间：12秒 积蓄次数：2 该魔法有单独计算的复唱时间
29233	学者	0	1	16.0	蛊毒法	对目标附加蛊毒法和蛊毒状态 蛊毒法效果：对目标造成持续伤害 威力：3000　持续时间：12秒 自身附加了秘策状态时，威力提高至1.5倍 蛊毒效果：目标所受到的恢复效果减少15% 持续时间：12秒 该魔法有单独计算的复唱时间
29234	学者	0	2	12.0	展开战术	指定自身或一名队员又或一名敌人为目标 以自身或队员为目标时，令其所带的鼓舞和激励状态向周围队员身上扩散 以敌人为目标时，令其所带的蛊毒法和蛊毒状态向周围的敌人身上扩散 持续时间：扩散时状态的剩余持续时间 没有对目标附加对应状态时无效，对非玩家目标及搭乘了兵器的玩家无效 积蓄次数：2
29236	学者	0	2	30.0	疾风怒涛之计	为自身及周围队员附加疾风之计与怒涛之计状态 该技能可以越过遮挡物生效 疾风之计效果：移动速度提高25%　持续时间：10秒 怒涛之计效果：攻击伤害提高10% 持续时间：10秒 追加效果：为自身附加秘策状态　持续时间：20秒 秘策效果：强化鼓舞激励之策和蛊毒法的效果
29237	学者	0	7	60.0	炽天召唤	在指定地点召唤炽天使　召唤时间：20秒 炽天使会对周围15米内的队员持续附加炽天的幻光状态 炽天的幻光效果：所受的体力恢复效果提高10% 炽天使会对周围30米内体力减少的队员优先使用炽天的幕帘
29242	占星	0	1	2.5	落陷凶星	对目标发动魔法攻击　威力：6000 双重咏唱状态中追加效果：双重咏唱的复唱时间缩短6秒
29243	占星	0	1	12.0	吉星相位	恢复目标的体力　恢复力：6000～9000 目标剩余体力越少恢复力越高，50%及更低时恢复力最高 追加效果：为目标附加吉星相位（日）状态 吉星相位（日）效果：持续恢复目标的体力 恢复力：3000　持续时间：6秒 双重咏唱状态中追加效果：为目标附加吉星相位（夜）状态 吉星相位（夜）效果：为目标附加能够抵御一定伤害的防护罩 该防护罩能够抵消相当于6000恢复力的伤害　持续时间：12秒 积蓄次数：2 该魔法有单独计算的复唱时间
29244	占星	0	2	16.0	中重力	对目标及其周围的敌人发动范围魔法攻击　威力：8000 追加效果：令主目标陷入75%加重状态 持续时间：3秒 双重咏唱状态中追加效果：令主目标止步 持续时间：3秒 该魔法有单独计算的复唱时间
29245	占星	0	0	12.0	双重咏唱	发动自身上一次使用的中重力、落陷凶星、吉星相位 积蓄次数：2 发动条件：中重力、落陷凶星、吉星相位使用完毕
29246	占星	0	1	12.0	落陷凶星	对目标发动魔法攻击　威力：6000 双重咏唱状态中追加效果：双重咏唱的复唱时间缩短6秒
29247	占星	0	1	12.0	吉星相位	恢复目标的体力　恢复力：6000～9000 目标剩余体力越少恢复力越高，50%及更低时恢复力最高 追加效果：为目标附加吉星相位（日）状态 吉星相位（日）效果：持续恢复目标的体力 恢复力：3000　持续时间：6秒 双重咏唱状态中追加效果：为目标附加吉星相位（夜）状态 吉星相位（夜）效果：为目标附加能够抵御一定伤害的防护罩 该防护罩能够抵消相当于6000恢复力的伤害　持续时间：12秒 积蓄次数：2 该魔法有单独计算的复唱时间
29248	占星	0	2	12.0	中重力	对目标及其周围的敌人发动范围魔法攻击　威力：8000 追加效果：令主目标陷入75%加重状态 持续时间：3秒 双重咏唱状态中追加效果：令主目标止步 持续时间：3秒 该魔法有单独计算的复唱时间
29253	占星	0	2	30.0	大宇宙	对自身周围的敌人发动范围魔法攻击　威力：10000 追加效果：为自身及周围队员附加大宇宙状态 发动后该技能变为小宇宙 持续时间：10秒 持续时间内积蓄目标所受的伤害 持续时间结束或发动小宇宙后，恢复目标的体力 恢复量：恢复力4000＋积蓄所受伤害的20% 该魔法有单独计算的复唱时间
29254	占星	0	2	1.0	小宇宙	结束自身附加的大宇宙状态，恢复目标的体力 该技能可以越过遮挡物生效 恢复量：恢复力4000＋积蓄所受伤害的20%  ※该技能无法设置到热键栏
29255	占星	0	2	10.0	星河漫天	令自身与周围队员攻击造成的伤害与治疗效果提高30% 同时，令自身周围的敌人造成的伤害降低30% 此效果每5秒降低10% 持续时间：15秒 追加效果：神谕预备 持续时间：15秒 此技能发动后变为神谕 发动条件：极限槽达到最大值 积蓄时间：105秒
29256	贤者	0	1	2.5	注药III	对目标发动魔法攻击　威力：6000 追加效果：令带有关心状态的目标恢复体力 恢复力：4000
29257	贤者	0	1	1.5	均衡注药III	对目标附加持续伤害状态 威力：3000　持续时间：12秒 追加效果：为带有关心状态的目标附加能够抵御一定伤害的防护罩均衡诊断 该防护罩能够抵消相当于恢复力8000的伤害量 持续时间：12秒 防护罩因吸收到足够的伤害而消失时，附加此效果的贤者附加1档蛇刺状态 持续时间：15秒 持续时间内箭毒变为箭毒II  ※该技能无法设置到热键栏
29258	贤者	0	1	12.0	均衡	强化自身，注药III变为均衡注药III　持续时间：10秒 均衡注药III发动后该效果解除 积蓄次数：2 该魔法有单独计算的复唱时间
29259	贤者	0	2	15.0	发炎III	对目标及其周围的敌人发动范围魔法攻击　威力：10000 追加效果：止步 持续时间：2秒 追加效果：将目标周围的敌人吸引到目标身边 该魔法有单独计算的复唱时间
29260	贤者	0	4	28.0	魂灵风息	向目标所在方向发出直线范围魔法攻击　威力：12000 追加效果：为自身及周围20米内的队员附加能够抵御一定伤害的防护罩输血和3档血印 该追加效果可以越过遮挡物生效 该防护罩能够抵消相当于恢复力4000的伤害量 持续时间：10秒 防护罩因吸收到足够的伤害而消失时，消耗1档血印重新为目标附加防护罩 持续时间结束时，根据血印的剩余档数恢复目标的体力 恢复力：4000×血印的剩余档数 该魔法有单独计算的复唱时间
29261	贤者	0	1	10.0	神翼	自身快速移动到目标身边 积蓄次数：2 止步状态下无法发动
29262	贤者	0	2	15.0	箭毒	对目标及其周围的敌人发动范围魔法攻击　威力：2000 追加效果：目标所受伤害提高10% 持续时间：7秒 积蓄次数：2
29263	贤者	0	2	1.0	箭毒II	对目标及其周围的敌人发动范围魔法攻击　威力：8000 攻击复数敌人时，对目标之外的敌人威力降为4000 追加效果：目标所受伤害提高10% 持续时间：7秒 发动条件：蛇刺状态中  ※该技能无法设置到热键栏
29264	贤者	0	1	1.0	心关	指定自身或一名队员为目标，对自身附加心关状态，对目标附加关心状态 该状态下发动注药III及均衡注药III时，对带有关心状态的目标产生追加效果 持续时间：永久
29265	贤者	0	1	0.0	カルディア	
29266	贤者	0	7	10.0	中庸之道	以指定地点为中心产生防护罩区域　持续时间：15秒 持续时间内，对所有进入该区域的队员持续附加中庸之道状态，对所有进入该区域的敌人持续附加痛苦状态 中庸之道效果：令未带有痛苦状态的敌人发动的攻击均无效 持续时间：5秒 痛苦效果：持续伤害 威力：9000　持续时间：5秒 持续时间内可以更改一次防护罩区域的设置地点 更改设置地点时，将继承之前的剩余持续时间 发动条件：极限槽达到最大值 积蓄时间：120秒
29267	贤者	0	7	20.0	中庸之道	以指定地点为中心产生防护罩区域　持续时间：15秒 持续时间内，对所有进入该区域的队员持续附加中庸之道状态，对所有进入该区域的敌人持续附加痛苦状态 中庸之道效果：令未带有痛苦状态的敌人发动的攻击均无效　持续时间：5秒 痛苦效果：持续伤害 威力：9000　持续时间：5秒 持续时间内可以更改一次防护罩区域的设置地点 更改设置地点时，将继承之前的剩余持续时间 发动条件：极限槽达到最大值 积蓄时间：120秒
29716	学者	0	1	20.0	连环计	令目标受到的伤害增加10% 持续时间：10秒 若目标处于防御状态，则仅使防御的效果减半
37008	白魔	40	1	60.0	以太变移	迅速移动到自身前方15米处 止步状态下无法发动
37009	白魔	92	2	2.5	闪飒	对目标及其周围敌人发动无属性范围魔法攻击　威力：640 攻击复数敌人时，对目标之外的敌人威力降低40% 发动条件：闪飒预备状态中
37010	白魔	96	2	2.5	医养	恢复自身及周围队员的体力　 恢复力：250 追加效果：令目标体力持续恢复 恢复力：175　持续时间：15秒
37011	白魔	100	2	1.0	神爱抚	为自身及周围队员附加能够抵御一定伤害的防护罩 该防护罩能够抵消相当于恢复力400的伤害量　持续时间：10秒 追加效果：防护罩消失后，为目标附加神爱环状态 神爱环效果：令目标体力持续恢复 恢复力：200　持续时间：15秒 发动条件：神爱抚预备状态中
37012	学者	92	2	1.0	埋伏之毒	对目标及其周围的敌人附加无属性持续伤害状态 威力：140　持续时间：15秒 发动条件：埋伏之毒预备状态中
37013	学者	96	2	2.5	意气轩昂之策	恢复自身及周围队员的体力 恢复力：200 追加效果：附加能够抵御一定伤害的防护罩 该防护罩能够抵消相当于治疗量180%的伤害 持续时间：30秒 无法与贤者的部分护盾效果共存
37014	学者	100	1	180.0	炽天附体	一定时间内，持续恢复自身及周围50米以内的队员的体力 恢复力：100　持续时间：20秒 追加效果：鼓舞激励之策变为显灵之章，意气轩昂之策变为降临之章 同时，重置应急战术的复唱时间且复唱时间缩短到1秒 无法与转化效果共存 发动条件：自身处于战斗状态且小仙女或炽天使处于同行状态
37017	占星	30	1	55.0	星极抽卡	抽取太阳神之衡、放浪神之箭、建筑神之塔奥秘卡 出卡I变为太阳神之衡、出卡II变为放浪神之箭、出卡III变为建筑神之塔 追加效果：恢复自身最大魔力的20% 发动后，该技能变为灵极抽卡 与灵极抽卡共享复唱时间
37019	占星	30	1	1.0	出卡I	发动星极抽卡或灵极抽卡后，该技能变为对应的奥秘卡 发动星极抽卡：太阳神之衡 发动灵极抽卡：战争神之枪
37020	占星	30	1	1.0	出卡II	发动星极抽卡或灵极抽卡后，该技能变为对应的奥秘卡 发动星极抽卡：放浪神之箭 发动灵极抽卡：世界树之干
37021	占星	30	1	1.0	出卡III	发动星极抽卡或灵极抽卡后，该技能变为对应的奥秘卡 发动星极抽卡：建筑神之塔 发动灵极抽卡：河流神之瓶
37022	占星	70	1	1.0	小奥秘卡	发动星极抽卡或灵极抽卡后，该技能变为对应的奥秘卡 发动星极抽卡：王冠之领主 发动灵极抽卡：王冠之贵妇
37029	占星	92	2	1.0	神谕	对目标及其周围的敌人发动无属性范围魔法攻击　威力：860 攻击复数敌人时，对目标之外的敌人威力降低50% 发动条件：神谕预备状态中
37030	占星	96	2	2.5	阳星合相	恢复自身及周围队员的体力 恢复力：250 追加效果：令目标体力持续恢复 恢复力：175　持续时间：15秒
37031	占星	100	2	1.0	太阳星座	一定时间内，令自身和周围队员所受到的伤害减轻10% 持续时间：15秒 发动条件：太阳星座预备状态中
37033	贤者	92	2	60.0	心神风息	对目标及其周围的敌人发动无属性范围魔法攻击　威力：690 攻击复数敌人时，对目标之外的敌人威力降低50%
37035	贤者	100	2	180.0	智慧之爱	一定时间内，自身发动治疗魔法的治疗量提高20% 持续时间：20秒 追加效果：为自身及周围队员附加幸福状态　持续时间：20秒 持续时间内魔法命中后，令带有幸福状态的目标恢复体力 恢复力：150
41499	白魔	0	2	2.5	闪飒	对目标及其周围的敌人发动范围魔法攻击　威力：9000 发动条件：闪飒预备状态中  ※该技能无法设置到热键栏
41500	学者	0	2	2.5	炽天的光环	对目标及其周围的敌人发动范围魔法攻击　威力：9000 发动条件：炽天附体状态中  ※该技能无法设置到热键栏
41501	学者	0	2	20.0	降临之章	恢复自身及周围队员的体力 该技能可以越过遮挡物生效 恢复力：8000 追加效果：慰藉 慰藉效果：为目标附加能够抵御一定伤害的防护罩 该防护罩能够抵消相当于8000恢复力的伤害 持续时间：20秒 发动条件：炽天附体状态中  ※该技能无法设置到热键栏
41502	学者	0	2	10.0	炽天附体	为自身附加炽天附体和秘策状态 炽天附体效果：极炎法变为炽天的光环，炽天附体变为降临之章 持续时间：20秒 秘策效果：强化鼓舞激励之策和蛊毒法的效果 持续时间：20秒 追加效果：为自身及周围队员解除一次能通过净化解除的异常状态 该效果未生效时，为未生效的目标张开防护罩，可免疫一次能通过净化解除的异常状态 该追加效果可以越过遮挡物生效 持续时间：20秒 发动条件：极限槽达到最大值 积蓄时间：90秒 该技能发动后变为降临之章
41503	占星	0	1	20.0	小奥秘卡	抽取王冠之领主或王冠之贵妇奥秘卡 持续时间：10秒 发动后，该技能变为抽到的小奥秘卡技能
41504	占星	0	2	1.0	王冠之贵妇	恢复自身及周围队员的体力　恢复力：6000 追加效果：目标所受伤害减轻10% 持续时间：10秒 发动条件：抽到王冠之贵妇奥秘卡  ※该技能无法设置到热键栏
41505	占星	0	2	1.0	王冠之领主	对自身周围的敌人发动范围魔法攻击　威力：6000 追加效果：目标所受伤害提高10% 持续时间：10秒 发动条件：抽到王冠之领主奥秘卡  ※该技能无法设置到热键栏
41506	占星	0	1	24.0	本轮	迅速移动到自身前方15米处 追加效果：在移动前的地点生成极星，并为自身附加逆行预备状态 持续时间：10秒 追加效果：为自身附加能够抵御一定伤害的防护罩 该防护罩能够抵消相当于恢复力6000的伤害量　持续时间：5秒 止步状态下无法发动 该技能发动后变为逆行
41507	占星	0	7	1.0	逆行	快速移动到自身留下的极星中心 止步状态下无法发动 发动条件：逆行预备状态中  ※该技能无法设置到热键栏
41508	占星	0	2	1.0	神谕	对目标及其周围的敌人发动范围魔法攻击　威力：6000 追加效果：眩晕　持续时间：2秒 发动条件：神谕预备状态中  ※该技能无法设置到热键栏
41658	贤者	0	2	2.5	心神风息	对目标及其周围的敌人发动范围魔法攻击　威力：12000 攻击复数目标时，对距离主目标超过3米的敌人威力变为8000 连击条件：发炎III  ※该技能无法设置到热键栏
